Product name,SKU,Slug,Category,Brand,Quantity,Minimum stock,First price,Second price,Third price,Purchase price (cost),Weight (kg),Barcode,Description,Status,Images
 JUVER DISFRUTA EXOT ANANAS COCO,JUVER DISFRUTA EXOT,ananac-coco,product,,31,0,22.5,0,0,22.5,0,,,Active,https://res.cloudinary.com/djv5omejv/image/upload/v1788528257/inventory-system/products/nw5a4tgzcpc97y6vyv27.jpg
 gobelet plastique,gobelet-plastique,gobelet-plastique,embalo,,900,0,0.5,0,0,0.5,0,,,Active,https://res.cloudinary.com/djv5omejv/image/upload/v1788359854/inventory-system/products/id5ns8dgzf1dynvkxgao.webp
 planche gateaux,gateaux,gateaux,patisssserie,,1000,0,0.34,0,0,0.408,0,,,Active,https://res.cloudinary.com/djv5omejv/image/upload/v1788874687/inventory-system/products/lexbyjosqejvh42dmatp.webp
9asbor,9asbor,9asbor,product,,2,0,0,0,0,10,0,,,Active,https://res.cloudinary.com/djv5omejv/image/upload/v1788343717/inventory-system/products/v7hxvmxswdkdg930nwqb.jpg
9ra3,9ra3,9ra3,Gumes,,26,0,0,0,0,10.7,0,,,Active,https://res.cloudinary.com/djv5omejv/image/upload/v1788684616/inventory-system/products/qteh8gdd1ueexuiur9ik.jpg
AIL SEMOULE DUPRO 500GR,98,ail-semoule-dupro-500gr,product,,2,0,84,0,0,84,0,6111242804302,,Active,https://res.cloudinary.com/fkyp6bjc/image/upload/v1789052755/inventory-system/products/y4dlh9kkugokywow8a6x.webp
AILLE DE POULET,150,aille-de-poulet-1,product,,0,0,0,0,0,0,0,,,Active,https://res.cloudinary.com/djv5omejv/image/upload/v1788856831/inventory-system/products/d0yemozxndeqfgr0yfdq.png
"AMBRO GIO 2,5kg",230,ambro-gio-2-5kg,product,,1,0,0,0,0,0,0,,,Active,https://res.cloudinary.com/djv5omejv/image/upload/v1788859969/inventory-system/products/fwgx8wxqngv5x8kzdh9a.jpg
Amande Poudre 1 kg,274,amande-poudre-1-kg,product,,10,0,130,0,0,110,0,,,Inactive,
Avocat,avocat,avocat,Gumes,,55.4,0,51,0,0,51,0,,,Active,https://res.cloudinary.com/djv5omejv/image/upload/v1788336662/inventory-system/products/tu373qqmyedoyzhdgt0k.jpg
BASE BABBI 100 C/F,5635,base-babbi-100-c-f,product,,20,0,248,0,0,198.4,0,,,Inactive,
BASE LIMONE 50,5651,base-limone-50,product,,7,0,278,0,0,278,0,,,Inactive,
BEURRE NEW ZEALAND,176,beurre-new-zealand,product,,25,0,98,0,0,98,0,,,Active,https://res.cloudinary.com/djv5omejv/image/upload/v1788865360/inventory-system/products/unip4fuahncsvhltghbb.jpg
BIS-KO,5672,bis-ko,product,,2,0,280,0,0,280,0,,,Inactive,
BISCOF LOTUS 250 GR,03,biscof-lotus-250-gr,patisssserie,ABM,43,0,40,0,0,26,0,,,Active,https://res.cloudinary.com/djv5omejv/image/upload/v1788363829/inventory-system/products/k8o6sdjbmfrjdbva6b0q.webp
Banan,banan,banan,Gumes,,43.6,0,0,0,0,18,0,,,Active,https://res.cloudinary.com/djv5omejv/image/upload/v1788336548/inventory-system/products/ciyom7fyqpnbjvdjc0w6.jpg
Barba,barba,barba,Gumes,,10.1,0,0,0,0,5,0,,,Active,https://res.cloudinary.com/djv5omejv/image/upload/v1788506184/inventory-system/products/ern2sfdhm9wmhnujpjiw.webp
Bayeta,beyeta,beyeta,nettoyage,,619,0,0,0,0,0.98,0,8411373001648,,Active,https://res.cloudinary.com/djv5omejv/image/upload/v1788866235/inventory-system/products/niq0o45icceblh1jzozx.jpg
Belbola 25gk,belbola,belbola,beldi,,1,0,0,0,0,0,0,,,Active,https://res.cloudinary.com/djv5omejv/image/upload/v1788866389/inventory-system/products/pll99w2qa2wzse0atc0b.webp
Boit Microwave 950ml,microwave,microwave,product,,87,0,0,0,0,0,0,,,Active,https://res.cloudinary.com/djv5omejv/image/upload/v1788355396/inventory-system/products/gp4ws4kwduqir069xoqe.jpg
Boite paticerie  grande ,1234,1234,patisssserie,marone,52,0,0,0,0,85,0,,,Active,https://res.cloudinary.com/djv5omejv/image/upload/v1788867423/inventory-system/products/oaaudmnl8glhofpo8jnj.jpg
Boite paticerie moyene ,00000,00000,patisssserie,marone,252,0,0,0,0,45,0,,,Active,https://res.cloudinary.com/djv5omejv/image/upload/v1788872617/inventory-system/products/mwxp20nr95kawueo7vr8.jpg
Boite paticerie petit ,1111,1111,patisssserie,marone,52,0,0,0,0,30,0,,,Active,https://res.cloudinary.com/djv5omejv/image/upload/v1788872709/inventory-system/products/twmgk7gudwptshhoacz9.webp
Boites Hamburger,hamburger,hamburger,product,,61,0,1.15,0,0,1.15,0,,,Active,https://res.cloudinary.com/djv5omejv/image/upload/v1788353999/inventory-system/products/ckegfgkg3lyfztiylyyt.webp
Bourch,bourch,bourch,patisssserie,,2,0,0,0,0,0,0,,,Active,https://res.cloudinary.com/djv5omejv/image/upload/v1788270813/inventory-system/products/syvqo85litoqhcorh889.jpg
Bruno 22%,0909,0909,patisssserie,,11,0,0,0,0,0,0,,,Active,https://res.cloudinary.com/djv5omejv/image/upload/v1788195448/inventory-system/products/uejwikagvqyynbannzi5.jpg
Buket,buket,buket,product,,8,0,0,0,0,0,0,,,Active,https://res.cloudinary.com/djv5omejv/image/upload/v1788194663/inventory-system/products/i4npygijywbzjbtfkwrq.jpg
Burrata,BURRATA ZANETTI 150G,burrata,product,,56,0,61.75,0,0,61.75,0,,,Active,https://res.cloudinary.com/djv5omejv/image/upload/v1788350067/inventory-system/products/u6qqvivkbrhmxi7t54ty.jpg
CACAO 1kg,250,cacao-1kg,product,,0,0,0,0,0,0,0,,,Inactive,
CALAMAR,109,calamar,product,,45.69,0,120,0,0,165.455,0,,,Active,https://res.cloudinary.com/djv5omejv/image/upload/v1788362505/inventory-system/products/ujnndazntpivrpufw91b.jpg
CARAMEL SPECIAL,5671,caramel-special,product,,2,0,260,0,0,260,0,,,Inactive,
CHAMPIGNON noir,chempo,chempo,product,,4,0,0,0,0,0,0,,,Active,https://res.cloudinary.com/djv5omejv/image/upload/v1788190588/inventory-system/products/okfy6k0guxetux0h3xfk.jpg
CHAPLEUR PANKO 25KG,12,chapleur-panko-25-kg-320dh,TAWABIL,ABM,1,0,320,0,0,320,0,,,Active,https://res.cloudinary.com/djv5omejv/image/upload/v1788943629/inventory-system/products/ssb687jlcii5aazuhmtk.jpg
CHOCOLAT RISTORA,102,chocolat-ristora,product,,6,0,160,0,0,160,0,,,Active,https://res.cloudinary.com/djv5omejv/image/upload/v1788518815/inventory-system/products/sathiq9f7qh5p0xgztmm.jpg
COCA,159,coca,bar,,15,0,182,0,0,182,0,5449000000996,,Active,https://res.cloudinary.com/djv5omejv/image/upload/v1788697757/inventory-system/products/n4bxisrwgnhecjncojkg.jpg
COLACAO 310G,13,colacao-310g,bar,,36,0,0,0,0,0,0,,,Active,https://res.cloudinary.com/djv5omejv/image/upload/v1788790304/inventory-system/products/sy9e0qrhjg5hejrlq8dt.webp
COMPLETO L PLUS 1kg,242,completo-l-plus-1kg,product,,10,0,0,0,0,0,0,,,Inactive,
CONFITURE AICHA,15,confiture-aicha,P dej,ABM,31,0,31,0,0,31,0,,,Active,https://res.cloudinary.com/djv5omejv/image/upload/v1788764750/inventory-system/products/efzvqdga9afi29goqbzh.jpg
CORNE DE GLACE,178,corne-de-glace,product,,3,0,0,0,0,0,0,,,Active,https://res.cloudinary.com/djv5omejv/image/upload/v1788941134/inventory-system/products/tfg07u4jq1lmihbcbfhu.jpg
CREMA INGLIESE 1kg,243,crema-ingliese-1kg,product,,4,0,0,0,0,0,0,,,Inactive,
CREME BALSAMIQUE,125,creme-balsamique,SALAD,,-0.025,0,27.5,0,0,21.5,0,,,Active,https://res.cloudinary.com/djv5omejv/image/upload/v1788790177/inventory-system/products/wuvbjwlpsw29w9schajl.webp
CREME CHEESE GASTRO 1 KG,17,creme-cheese-gastro-1-kg,patisssserie,ABM,54,0,47,0,0,47,0,,,Active,https://res.cloudinary.com/djv5omejv/image/upload/v1788944973/inventory-system/products/grprifu7incov3dsgc9n.webp
CREME CUISSON GASTRO,18,creme-cuisson-gastro,souce,ABM,122,0,28,0,0,28,0,,,Active,https://res.cloudinary.com/djv5omejv/image/upload/v1788945353/inventory-system/products/jpxyarvvuffl4hiyl6lu.webp
CREVETTE PIL PIL,crevette,crevette-pil-pil,product,,24,0,120,0,0,120,0,,,Active,https://res.cloudinary.com/djv5omejv/image/upload/v1788435288/inventory-system/products/ecef6y3chccj4acjkdew.jpg
CRISPY,20,crispy,TAWABIL,ABM,2,0,24,0,0,24,0,8001718003255,,Active,https://res.cloudinary.com/fkyp6bjc/image/upload/v1789123537/inventory-system/products/pfjbsfskc4hbjhyccsz8.jpg
CROCCANTE DI MANDORLA 2kg,228,croccante-di-mandorla-2kg,product,,1,0,0,0,0,0,0,,,Active,
CURRY POUDRE DUPRO 450GR,99,curry-poudre-dupro-450gr,product,,3,0,60,0,0,60,0,6111242804319,,Active,https://res.cloudinary.com/djv5omejv/image/upload/v1788945421/inventory-system/products/fgapk1i4t7k7t0ej1y0r.webp
Carata,carat à,carata,nettoyage,,0,0,0,0,0,0,0,,,Active,https://res.cloudinary.com/djv5omejv/image/upload/v1788856133/inventory-system/products/lkticdmwh3sioli2nv3p.webp
Champignon,champignon,champignon,Gumes,,24.05,0,0,0,0,60,0,,,Active,https://res.cloudinary.com/djv5omejv/image/upload/v1788336278/inventory-system/products/ghckka6piqn4qydmm2qc.jpg
Chocolat Blanc,285,chocolat-blanc,product,,27.94,0,160,0,0,160,0,,,Inactive,
Chocolat Blanc 5/5,313,chocolat-blanc-5-5,product,,1,0,0,0,0,0,0,,,Inactive,
Chocolat Blanc 5kg,267,chocolat-blanc-callebaut-2-5kg,product,,21,0,0,0,0,0,0,,,Inactive,https://res.cloudinary.com/djv5omejv/image/upload/v1788198036/inventory-system/products/anqu4ae4csqhzvyjl7sc.jpg
Chocolat Noir (VAN HOUTEN) 5kg,271,chocolat-noir-van-houten-5kg,product,,35,0,152,0,0,152,0,,,Active,
Chocolat noir (plaque) 1 kg,296,chocolat-noir-plaque-1-kg,product,,25,0,150,0,0,140,0,,,Inactive,
Cookies,cookies,cookies,product,,13,0,2,0,0,2,0,,,Active,https://res.cloudinary.com/djv5omejv/image/upload/v1788619640/inventory-system/products/w5msqivrxifctheq6gu1.jpg
Creme Caramel 4kg (4kg*5pc),292,creme-caramel-4kg-4kg-5pc,product,,2,0,160,0,0,160,0,,,Active,
Creme Fraiche,298,creme-fraiche,product,,48,0,35,0,0,31,0,,,Active,
Creme Patissiere 5kg,287,creme-patissiere-5kg,product,,0,0,100,0,0,100,0,,,Inactive,
Cresp,crasp,crasp,product,,11,0,0,0,0,0,0,,,Active,https://res.cloudinary.com/djv5omejv/image/upload/v1788189042/inventory-system/products/adxxjk2woxh6waavmiuj.jpg
DAHAB arabica,199,dahab,bar,,8,0,0,0,0,0,0,6111254590255,,Active,https://res.cloudinary.com/djv5omejv/image/upload/v1788271954/inventory-system/products/twymku8ntvpa7sobzzdu.jpg
DAHAB bresil,DAHAB bresil,bresil,bar,,10,0,125,0,0,125,0,6111254590019,,Active,https://res.cloudinary.com/djv5omejv/image/upload/v1788444046/inventory-system/products/qswgjlxd8bdblf6bgtvv.webp
DAILY CREM 3kg,251,daily-crem-3kg,product,,0,0,0,0,0,0,0,,,Active,
DEMI GLACE,22,demi-glace,souce,ABM,23,0,65,0,0,65,0,,,Active,https://res.cloudinary.com/fkyp6bjc/image/upload/v1789028525/inventory-system/products/vz40wqzxpvqzwl5wdvts.png
DEXTROSE,dextrose,dextrose,patisssserie,,26,0,25,0,0,21.25,0,,,Active,
DOUX cerises amarend,amarend,amarend,patisssserie,,15,0,0,0,0,0,0,,,Active,https://res.cloudinary.com/djv5omejv/image/upload/v1788196882/inventory-system/products/belyx4ahi4znuj8dvyiz.jpg
Dadisol,dadisol,dadisol,product,,7,0,0,0,0,0,0,,,Active,https://res.cloudinary.com/djv5omejv/image/upload/v1788195107/inventory-system/products/ciyx2frdxx0jdqk34lla.jpg
Drnjal,denjal,denjal,Gumes,,3,0,0,0,0,5,0,,,Active,https://res.cloudinary.com/djv5omejv/image/upload/v1788333090/inventory-system/products/gg2wfrjsfsje0ubpo4zo.jpg
ENERGY DRINK 250 ML*24 PS,23,energy-drink-250-ml-24-ps,boisson,ABM,50,0,180,0,0,180,0,,,Active,https://res.cloudinary.com/djv5omejv/image/upload/v1788791895/inventory-system/products/aqhxhdte1c86wxdxixcq.jpg
ENTROCOTE,151,entrocote-1,product,,0,0,0,0,0,0,0,,,Active,
EmRobage,emro,emro,product,,16,0,0,0,0,0,0,,,Active,https://res.cloudinary.com/djv5omejv/image/upload/v1788196759/inventory-system/products/ktlmwlrtkois5abpacrq.jpg
Emporter creep,2222,2222,embalo,marone,75,0,2.5,0,0,2.5,0,,,Active,
Emporter salad ,9999,9999,embalo,,750,0,0,0,0,0,0,,,Active,
Emporter tarte glace care  (ferchi),889988,889988,embalo,,51,0,0,0,0,0,0,,,Active,https://res.cloudinary.com/djv5omejv/image/upload/v1788196546/inventory-system/products/jclr1i1bnkhqhqls32of.jpg
Emporter tarte glace rande (ferchi),7788,7788,embalo,,-1,0,0,0,0,0,0,,,Active,
FANTA BISCOTINO 3kg,212,fanta-biscotino-3kg,product,,2,0,0,0,0,0,0,,,Active,
FANTA CROCKELLA MOCCIOLA 5kg,226,fanta-crockella-mocciola-5kg,product,,0,0,0,0,0,0,0,,,Active,
FANTA CROCKELLA PISTACHIO 5kg,236,fanta-crockella-pistachio-5kg,product,,0,0,0,0,0,0,0,,,Active,
"FANTA CRUMBLE SALATO 2,5kg",233,fanta-crumble-salato-2-5kg,product,,1,0,0,0,0,0,0,,,Active,
FENO,168,feno,product,,2,0,90,0,0,90,0,,,Active,
FILET DE DINDE,117,filet-de-dinde,product,,0,0,69,0,0,69,0,,,Active,
FILM ALIMANTAIRE 500/45,24,film-alimantaire-500-45,embalo,ABM,1,0,55,0,0,55,0,6111245251042,,Active,https://res.cloudinary.com/fkyp6bjc/image/upload/v1789050457/inventory-system/products/dv8ryv97paexefpmwxju.jpg
FILME ALIMENTAIRE P,25,filme-alimentaire-p,embalo,ABM,28,0,35,0,0,35,0,6111264720406,,Active,https://res.cloudinary.com/fkyp6bjc/image/upload/v1789050339/inventory-system/products/wnsmghjde23jt2qgrwmh.jpg
FRAGOLA 1kg,254,fragola-1kg,product,,4,0,0,0,0,0,0,,,Active,
FRAGOLINE & FRAGOLINE 3kg,222,fragoline-fragoline-3kg,product,,0,0,0,0,0,0,0,,,Active,
FRITES,118,frites,product,,20,0,0,0,0,48,0,,,Active,
FROMAGE CHEDDAR funfries 1.107kg,CHEDDAR,cheddar,formage,,11,0,90,0,0,105,0,,,Active,https://res.cloudinary.com/djv5omejv/image/upload/v1788601952/inventory-system/products/vrf6agvljworrcxelvn2.jpg
FROMAGE KROON ,27,fromage-kroon,formage,ABM,12,0,155,0,0,155,0,,,Active,
FROMAGE SLICE CAMPO VERDE 24 PCS,29,fromage-slice-campo-verde-24-pcs,formage,ABM,1,0,14,0,0,14,0,,,Active,https://res.cloudinary.com/fkyp6bjc/image/upload/v1789123738/inventory-system/products/zc2auidqaqiug1skdcp3.jpg
FROMAGE TRANCHE CHEDDAR,30,fromage-tranche-cheddar,formage,ABM,21,0,100,0,0,100,0,,,Active,https://res.cloudinary.com/djv5omejv/image/upload/v1788348331/inventory-system/products/dttjx6abt1ptarmwmted.jpg
"FRUTTA ""CONCA D'ORO"" 5kg",213,frutta-conca-d-oro-5kg,product,,0,0,0,0,0,0,0,,,Active,
"FRUTTA CONCA D'ORO 1,5kg",256,frutta-conca-d-oro-1-5kg,product,,3,0,0,0,0,0,0,,,Active,
FRUTTA DELLA PASSIONE 3 kg,217,frutta-della-passione-3-kg,product,,0,0,0,0,0,0,0,,,Active,
FRUTTI DI BOSCO 1kg,253,frutti-di-bosco-1kg,product,,0,0,0,0,0,0,0,,,Active,
Farine (tria),288,farine-tria,product,,0,0,45,0,0,45,0,,,Active,
Fenoen IKEA,fenomen,fenomen,product,,11,0,0,0,0,0,0,20528411216559,,Active,https://res.cloudinary.com/djv5omejv/image/upload/v1788282491/inventory-system/products/sk7z0ppunejssi37uidc.jpg
Fino Kenz 10kg,kenz,kenz,patisssserie,,4,0,95,0,0,95,0,,,Active,https://res.cloudinary.com/djv5omejv/image/upload/v1788789996/inventory-system/products/kwwraab6r5klelugdhbm.jpg
Framboise Congele,307,framboise-congele,product,,17.622,0,50,0,0,68,0,,,Active,https://res.cloudinary.com/djv5omejv/image/upload/v1788440654/inventory-system/products/cx02babxxnqvvyu1tpnl.webp
Framboise free,5681,pate-framboise,product,,43,0,255,0,0,14,0,,,Active,https://res.cloudinary.com/djv5omejv/image/upload/v1788440698/inventory-system/products/zy8noh9tnztxv5xw7whh.jpg
Fress congele,congele,congele,jus,,10,0,0,0,0,0,0,,,Active,https://res.cloudinary.com/djv5omejv/image/upload/v1788796875/inventory-system/products/a4edlfj3qtziwhctbg9y.png
GANTS EN NITRILE NOIR L,183,gants-en-nitrile-noir-l,product,,8,0,60,0,0,60,0,,,Active,
GANTS EN NITRILE NOIR M,184,gants-en-nitrile-noir-m,product,,0,0,60,0,0,60,0,,,Active,
GASTRO PRIMIUM RAPE 1KG,31,gastro-primium-rape-1kg,formage,ABM,72,0,58,0,0,58,0,,,Active,https://res.cloudinary.com/fkyp6bjc/image/upload/v1789124023/inventory-system/products/yldw0uhf2hkj8pw88x3a.png
GELOIN 5096 1 kg,245,geloin-5096-1-kg,product,,0,0,0,0,0,0,0,,,Active,
GOBLET CAFE MOYEN TAILLE,316,goblet-cafe-moyen-taille,product,,6700,0,0.6,0,0,0.6,0,,,Active,https://res.cloudinary.com/djv5omejv/image/upload/v1788192189/inventory-system/products/ouy4bo3wfwhnwlodfvn7.jpg
GOBLET CAFE PETIT TAILLE,317,goblet-cafe-petit-taille,product,,1395,0,0.5,0,0,0.5,0,,,Active,https://res.cloudinary.com/djv5omejv/image/upload/v1788192082/inventory-system/products/r485yll924amg6iivzlj.jpg
GOLOSA NOCCIOLATTE,5702,golosa-nocciolatte,product,,1,0,197,0,0,197,0,,,Active,
GOLOSA PISTACHIO,5701,golosa-pistachio,product,,1,0,345,0,0,345,0,,,Active,
Gelatine (plaquette),312,gelatine-plaquette,product,,6,0,290,0,0,290,0,,,Inactive,
Gelatine Poudre 1kg,276,gelatine-poudre-1kg,product,,4,0,345,0,0,345,0,,,Active,
Gobelet en carton g,Gobeletp,gobeletp,embalo,,50,0,1.75,0,0,1.75,0,,,Active,https://res.cloudinary.com/djv5omejv/image/upload/v1788358612/inventory-system/products/pscpqr4ixs97weh1wfcs.jpg
Gobelet en carton m,gobeletm,gobeletm,product,,64,0,0,0,0,1.45,0,,,Active,https://res.cloudinary.com/djv5omejv/image/upload/v1788358777/inventory-system/products/t3x8vrsve1n1kbzluifm.jpg
Gobelet en carton p,Gobeletg,gobeletg,product,,0,0,0,0,0,1.1,0,,,Active,https://res.cloudinary.com/djv5omejv/image/upload/v1788358799/inventory-system/products/edypqairepga8ddryi95.jpg
Gobelet sauce,Gobelet-sauce,gobelet-sauce,embalo,,400,0,0,0,0,0,0,,,Active,https://res.cloudinary.com/djv5omejv/image/upload/v1788359249/inventory-system/products/k1tftvadfpjgq5ldfypd.webp
Granola 1kg,Granola,granola,patisssserie,ABM,16,0,0,0,0,0,0,,,Active,https://res.cloudinary.com/djv5omejv/image/upload/v1788186867/inventory-system/products/dcqigsmo8etz8lczqbwo.jpg
Grassa netwayage,grassa,grassa,nettoyage,,8,0,0,0,0,0,0,,,Active,https://res.cloudinary.com/djv5omejv/image/upload/v1788187919/inventory-system/products/lixp1wekxw4rbr8evkk9.jpg
HAWAI,160,hawai,bar,,8,0,173.6288,0,0,173.6288,0,,,Active,https://res.cloudinary.com/djv5omejv/image/upload/v1788698244/inventory-system/products/mrmeoninlvpfqo9vcv10.webp
HUILE D OLIVE extra,133,huile-d-olive,product,,20,0,0,0,0,0,0,,,Active,
HULALA 1L,34,hulala-1l,patisssserie,ABM,4,0,30,0,0,30,0,,,Active,https://res.cloudinary.com/djv5omejv/image/upload/v1788350584/inventory-system/products/yvfvtwilgj6fb0tgw4l2.jpg
Harmony Oyster Sauce 150 ml,Harmony-Oyster-Sauce,harmony-oyster-sauce,souce,,6,0,22,0,0,22,0,,,Active,https://res.cloudinary.com/fkyp6bjc/image/upload/v1789135168/inventory-system/products/swb2og1xgfrmhlsxbrky.webp
ICE THE CITRON,121,ice-the-citron,product,,0,0,25,0,0,25,0,,,Active,
ICE THE PECHE,123,ice-the-peche,product,,197,0,25.7,0,0,25.7,0,,,Active,
"INSTANT GEL ""FOR FRUIT"" 500g",219,instant-gel-for-fruit-500g,product,,0,0,0,0,0,0,0,,,Active,
JAVEL FLOOR 5L,35,javel-floor-5l,nettoyage,ABM,32,0,18,0,0,18,0,,,Active,https://res.cloudinary.com/djv5omejv/image/upload/v1788772546/inventory-system/products/epvhiqaq8lfmbt9pyrp8.webp
JIX,36,jix,nettoyage,ABM,-20,0,0.8,0,0,0.8,0,,,Active,https://res.cloudinary.com/fkyp6bjc/image/upload/v1789123833/inventory-system/products/i9o1h88firwoacqooimr.jpg
KETCHOP STAR 2Kg,37,ketchop-star,souce,ABM,13,0,23,0,0,23,0,,,Active,https://res.cloudinary.com/fkyp6bjc/image/upload/v1789199960/inventory-system/products/pftemfkiskbcfbp2jhdl.webp
KETCHUP HEINZ,KETCHUP HEINZ,ketchup-heinz,souce,ABM,223,0,23,0,0,23,0,,,Active,https://res.cloudinary.com/fkyp6bjc/image/upload/v1789313448/inventory-system/products/nfu4iirrok5lqhqlefw3.jpg
KHLIAA,179,khliaa,product,,5,0,600,0,0,600,0,,,Active,https://res.cloudinary.com/fkyp6bjc/image/upload/v1789129219/inventory-system/products/d6orpna5gmczixyawijz.jpg
KHMIRA PATISSERIE,171,khmira-patisserie,product,,2,0,100,0,0,95,0,,,Active,
KINDER BUENO,KINDER BUENO 30PC,kinder-bueno,product,,31,0,7.333,0,0,7.33,0,,,Active,https://res.cloudinary.com/djv5omejv/image/upload/v1788510519/inventory-system/products/mgtqh6k7z724wzjaajgz.webp
Khyar,khayar,khayar,Gumes,,17.5,0,0,0,0,7,0,,,Active,https://res.cloudinary.com/djv5omejv/image/upload/v1788333233/inventory-system/products/oubmvfytkxwylyyqjvqs.jpg
Krob rouge,kroub,kroub,Gumes,,15.7,0,0,0,0,8,0,,,Active,https://res.cloudinary.com/djv5omejv/image/upload/v1788333947/inventory-system/products/hedzorzgxv6l83nwyekz.png
Krob vert,Krobvert,krobvert,Gumes,,8.1,0,0,0,0,0,0,,,Active,https://res.cloudinary.com/djv5omejv/image/upload/v1788334031/inventory-system/products/dermwtxlvl6rnrpwzamw.jpg
LA VACHEQUIRIT,39,la-vache-qui-rit,formage,ABM,8,0,75,0,0,76,0,,,Active,https://res.cloudinary.com/djv5omejv/image/upload/v1788967579/inventory-system/products/zspd4qmrxughofyd5j4t.webp
LAMPONE 3kg,221,lampone-3kg,product,,4,0,0,0,0,0,0,,,Active,
LANGOSTINE 20/30,111,langostine-20-30,pizza,,49,0,70,0,0,70,0,,,Active,https://res.cloudinary.com/djv5omejv/image/upload/v1788943306/inventory-system/products/xftayxepue4botv36uoe.jpg
LATTELATTE YOGURT B-FREE,5657,lattelatte-yogurt-b-free,product,,6,0,280,0,0,280,0,,,Active,
LAVAZZA,197,lavazza,bar,,28,0,300,0,0,300,0,8000070036840,,Active,https://res.cloudinary.com/djv5omejv/image/upload/v1788942525/inventory-system/products/k4su3kjrpqsm4hfamskk.jpg
"LE FANTAFRUTTE ""FRIUTTI DI BOSCO"" 3kg",227,le-fantafrutte-friutti-di-bosco-3kg,product,,1,0,0,0,0,0,0,,,Active,
"LE FANTAFRUTTE ""PISTACHIO"" 2,5kg",234,le-fantafrutte-pistachio-2-5kg,product,,0,0,0,0,0,0,0,,,Active,
LIPTON,122,lipton,product,,1,0,15,0,0,15,0,,,Active,https://res.cloudinary.com/fkyp6bjc/image/upload/v1789488222/inventory-system/products/gnnpmlrct9tfkqimfuql.svg
"LORUS NOISETTE 5,5kg",235,lorus-noisette-5-5kg,product,,0,0,0,0,0,0,0,,,Active,
Laymon khdar,lkdar,lkdar,Gumes,,17.6,0,10,0,0,12,0,,,Active,https://res.cloudinary.com/djv5omejv/image/upload/v1788336954/inventory-system/products/rhl8c3bgafkz1tvkqbij.png
Laymon sfar,laymon-sfar,laymon-sfar,Gumes,,40.8,0,0,0,0,0,0,,,Active,https://res.cloudinary.com/djv5omejv/image/upload/v1788337075/inventory-system/products/fzqbjk0s9uqeidygtvfz.png
Lechera,lechera,lechera,product,,10,0,0,0,0,0,0,,,Active,https://res.cloudinary.com/djv5omejv/image/upload/v1788194983/inventory-system/products/jvq6ez29vpuioqmsbiap.jpg
Left,left,left,Gumes,,20.3,0,0,0,0,17,0,,,Active,https://res.cloudinary.com/djv5omejv/image/upload/v1788332982/inventory-system/products/tjrdosqpvxlx3odjjiqq.webp
Lotus Ceme 400g,283,lotus-ceme-400g,product,,18,0,37,0,0,37,0,5410126116953,,Active,https://res.cloudinary.com/djv5omejv/image/upload/v1788872362/inventory-system/products/lvvu3vz1xysp3i6mickd.jpg
MANGO CN 3kg,224,mango-cn-3kg,product,,0,0,0,0,0,0,0,,,Active,
MASCARPONE 40/50,5650,mascarpone-40-50,product,,16,0,360,0,0,360,0,,,Active,
MASCARPONNE 1kg,239,mascarponne-1kg,product,,0,0,0,0,0,0,0,,,Active,
MAYONNAISE DU CHEF,41,mayonnaise-du-chef,souce,ABM,21,0,72,0,0,72,0,,,Active,https://res.cloudinary.com/djv5omejv/image/upload/v1788789809/inventory-system/products/z9npadf1ngiekov1vtlz.png
MAYONNAISE HEINZ,MAYONNAISE HEINZ,mayonnaise-heinz,souce,ABM,30,0,23.5,0,0,24,0,,,Active,https://res.cloudinary.com/fkyp6bjc/image/upload/v1789310849/inventory-system/products/nhgfsaccfspy37otdyyz.avif
MEGA CLEAN 20L,185,mega-clean-20l,nettoyage,,0,0,475.2,0,0,475.2,0,,,Active,
MIEL YASMINA 5 KG,43,miel-yasmina-5-kg,P dej,ABM,39,0,55,0,0,5,0,,,Active,https://res.cloudinary.com/djv5omejv/image/upload/v1788764851/inventory-system/products/ncknfp2yvinerkzcwzxd.webp
MIRTILLO 3kg,223,mirtillo-3kg,product,,0,0,0,0,0,0,0,,,Active,
MOOU 3kg,231,moou-3kg,product,,0,0,0,0,0,0,0,,,Active,
MUSLI,124,musli,product,,0,0,34,0,0,34,0,,,Active,
Maiz dulce 3,Maiz dulce 1/4kg*8 'pack de 3' jjj,maiz-dulce,product,,3,0,18.5,0,0,18.5,0,,,Active,https://res.cloudinary.com/djv5omejv/image/upload/v1788611150/inventory-system/products/m24khr1o51pgokudbj3q.jpg
Marya dorada,dorada,dorada,product,,7,0,0,0,0,0,0,,,Active,https://res.cloudinary.com/djv5omejv/image/upload/v1788422946/inventory-system/products/kwn8uwc4pqsfrpc787qj.webp
Motard star 1.2kg,motardstar,motardstar,product,,3,0,34,0,0,34,0,6111184000909,,Active,https://res.cloudinary.com/djv5omejv/image/upload/v1788430150/inventory-system/products/ubri2llhrlzwcckoxvtv.jpg
Mozzarella,mozzarella,mozzarella,product,,47,0,0,0,0,28.5,0,,,Active,
Myrtille,Myrtille,myrtille,product,,37,0,0,0,0,13.5,0,,,Active,https://res.cloudinary.com/djv5omejv/image/upload/v1788440877/inventory-system/products/fqmdvotixqky2jzfrrfp.webp
Myrtille congele,Myrtille congele,myrtille-congele,product,,7.51,0,140,0,0,100,0,,,Active,https://res.cloudinary.com/djv5omejv/image/upload/v1788517546/inventory-system/products/fyademw8o8boe0alhohy.jpg
NESCAFE,45,nescafe,bar,ABM,12,0,50,0,0,50,0,8410100082028,,Active,https://res.cloudinary.com/djv5omejv/image/upload/v1788862138/inventory-system/products/u2errsx5pkpqlpsebqyd.jpg
NESP CARAMILO,200,nesp-caramilo,product,,8,0,330,0,0,330,0,,,Active,
NESP DECAFFINATTO (rouge),201,nesp-decaffinatto-rouge,product,,6,0,330,0,0,330,0,,,Active,
NESP FORTE (marron),202,nesp-forte-marron,product,,6,0,330,0,0,330,0,,,Active,
NESP LEGGERO (vert),205,nesp-leggero-vert,product,,6,0,330,0,0,330,0,,,Active,
NESP RISTRETTO (gris),203,nesp-ristretto-gris,product,,16,0,330,0,0,330,0,,,Active,https://res.cloudinary.com/djv5omejv/image/upload/v1788790594/inventory-system/products/qipr7oy87qxj6cofqlkt.webp
NESP VANILLO,204,nesp-vanillo,product,,0,0,330,0,0,330,0,,,Active,
NOCCIOLA DE LUXE 100%,5666,nocciola-de-luxe-100,product,,3,0,470,0,0,470,0,,,Active,
NOIX ,karga3,karga3,jus,ABM,6.61,0,70,0,0,76,0,,,Active,https://res.cloudinary.com/djv5omejv/image/upload/v1788946976/inventory-system/products/anqkqfwyoqe4vsirshye.jpg
NUTELLA   1 KG,48,nutella-1-kg,product,,117,0,0,0,0,0,0,,,Active,https://res.cloudinary.com/fkyp6bjc/image/upload/v1789031115/inventory-system/products/c5olohiszt8pnv1nfjq8.webp
"Nappage 4,3kg",280,nappage-4-3kg,product,,1,0,240,0,0,240,0,,,Active,
Nokhala 25 kg,Gh,khala,product,,1,0,0,0,0,0,0,,,Active,
Noodles,ndhj,ndhj,product,,5,0,0,0,0,0,0,,,Active,
OIGNON SEMOULE DUPRO 400GR,100,oignon-semoule-dupro-400gr,product,,3,0,66,0,0,66,0,,,Active,https://res.cloudinary.com/fkyp6bjc/image/upload/v1789052688/inventory-system/products/xxnn0r3bpdq4lsksqmhw.webp
OLIVE SLICE JJJ 3/1,50,olive-slice-jjj-3-1,product,,0,0,0,0,0,0,0,,,Active,
ONI 1kg,52,oni,nettoyage,ABM,56,0,14.5,0,0,14.5,0,,,Active,https://res.cloudinary.com/djv5omejv/image/upload/v1788796941/inventory-system/products/poianjngkfmdtolkcpju.jpg
OREO 76GR*24,53,oreo-76gr-24-75dh-pk,jus,ABM,221,0,3,0,0,3,0,,,Active,https://res.cloudinary.com/djv5omejv/image/upload/v1788765146/inventory-system/products/fm2x8wwhunehqk4fi91u.jpg
"OTELLA BIANCA 2,5kg",216,otella-bianca-2-5kg,product,,3,0,0,0,0,0,0,,,Active,
"OTELLA CHOCOLAT 2,5kg",255,otella-chocolat-2-5kg,product,,0,0,0,0,0,0,0,,,Active,
OULMES 25CL,207,oulmes-25cl,product,,8,0,48,0,0,52.8,0,,,Active,https://res.cloudinary.com/djv5omejv/image/upload/v1788438832/inventory-system/products/ckbhyxzkf0upvpa2gn2x.jpg
OULMES 75CL,208,oulmes-75cl,product,,12,0,137.95,0,0,124.95,0,,,Active,https://res.cloudinary.com/djv5omejv/image/upload/v1788438687/inventory-system/products/kt8w5uv6sj2fqq1xtxf3.jpg
OYSTER SAUCE 6 KG,54,oyster-sauce-6-kg,souce,ABM,18,0,240,0,0,56,0,,,Active,
Oeufs,305,ufs-21p-1-31,P dej,,4270,0,1.02,0,0,1.03,0,,,Active,https://res.cloudinary.com/djv5omejv/image/upload/v1788777851/inventory-system/products/gyvs958wapiopngj9tez.avif
Olives noir,132,huile-d-olive-nour-fes,product,,20,0,121.75,0,0,121.75,0,,,Active,https://res.cloudinary.com/djv5omejv/image/upload/v1788185433/inventory-system/products/nbn68qy9jvku7wp3bg3r.jpg
Oulmes 12 x 33cl plastec,oulmes33,oulmes33,jus,,56,0,3.5,0,0,3.5,0,,,Active,https://res.cloudinary.com/fkyp6bjc/image/upload/v1789136016/inventory-system/products/qs91vllrdymtq0ajb7zn.webp
PAPIER ALUMINUM 300,55,papier-aluminum-300,embalo,ABM,13,0,100,0,0,100,0,8412205060161,,Active,https://res.cloudinary.com/djv5omejv/image/upload/v1788270642/inventory-system/products/fz2l8tuc9fueujpnhenq.jpg
PAPIER HYGIENIQUE,189,papier-hygienique,nettoyage,,56,0,15.83,0,0,15.83,0,,,Active,https://res.cloudinary.com/djv5omejv/image/upload/v1788797013/inventory-system/products/bjtd2swxz8vfw8hctimm.webp
PAPPIER ZIGZAG,190,pappier-zigzag,nettoyage,,57,0,18,0,0,18,0,,,Active,https://res.cloudinary.com/djv5omejv/image/upload/v1788796786/inventory-system/products/zem6tpkl6oeyarbjmf9n.jpg
"PASTA ARACHIDI 2,5kg",214,pasta-arachidi-2-5kg,product,,1,0,0,0,0,0,0,,,Active,
"PASTA MANDOR LA TOSTATA 2,5kg",225,pasta-mandor-la-tostata-2-5kg,product,,0,0,0,0,0,0,0,,,Active,
PASTA TORRONE 4kg,237,pasta-torrone-4kg,product,,0,0,0,0,0,0,0,,,Active,
PASTE E CREME,paste,paste,product,,1,0,0,0,0,0,0,,,Active,https://res.cloudinary.com/djv5omejv/image/upload/v1788195255/inventory-system/products/wsq7428vuqxuprumbnwv.jpg
PATE BUONISSIMO,5676,pate-buonissimo,product,,3,0,370,0,0,370,0,,,Active,
PATE TIRAMISU,5678,pate-tiramisu,product,,0,0,280,0,0,280,0,,,Active,
PENNE GRANORO,57,penne-granoro,product,,0,0,0,0,0,0,0,,,Active,
PENNE REGATONI,131,penne-regatoni,product,,2,0,18,0,0,18,0,,,Active,
PIC brochette ,PIC brochette ,pic-brochette,product,,3,0,55,0,0,55,0,,,Active,https://res.cloudinary.com/fkyp6bjc/image/upload/v1789049798/inventory-system/products/j0zgco1ll3vkl0zxq67r.jpg
PIQUE BURGER,58,pique-burger,product,ABM,4,0,45,0,0,45,0,,,Active,
PISTACHE 1 KG,174,pistache-1-kg,product,,6,0,295,0,0,295,0,,,Active,https://res.cloudinary.com/fkyp6bjc/image/upload/v1789208473/inventory-system/products/d7f7phhdeyjtp6nponqe.webp
PISTACHIO 100% DE LUXE,5667,pistachio-100-de-luxe,product,,1,0,825,0,0,825,0,,,Active,
PLUMAS RAYADAS 500g,Da1,d1r,pattes,,29,0,0,0,0,0,0,,,Active,https://res.cloudinary.com/djv5omejv/image/upload/v1788772399/inventory-system/products/jv7uiuk3sv2dxbzvqilg.jpg
POMS,162,poms,bar,,6,0,182,0,0,173.6288,0,,,Active,https://res.cloudinary.com/djv5omejv/image/upload/v1788697865/inventory-system/products/gbv02xzmeqfwpw962no4.jpg
POULET HACHE,146,poulet-hache,product,,2,0,48,0,0,48,0,,,Active,https://res.cloudinary.com/djv5omejv/image/upload/v1788970594/inventory-system/products/kum3kxgmtje3xsdohqph.jpg
Panzani rigatoni,rigatoni,rigatoni,product,,2,0,0,0,0,0,0,,,Active,
Papier Cuisson,277,papier-cuisson,product,,1,0,250,0,0,250,0,,,Active,https://res.cloudinary.com/fkyp6bjc/image/upload/v1789055680/inventory-system/products/kh4lgg3uxz48on1dv2oc.webp
Poche,311,poche,product,,2,0,140,0,0,140,0,,,Active,
Poivron vert,vert,pvert,product,,24.2,0,0,0,0,3,0,,,Active,https://res.cloudinary.com/djv5omejv/image/upload/v1788332685/inventory-system/products/fb7g7bzk0og90zy0avij.webp
Ponge metallique,metallique,metallique,nettoyage,,20,0,0,0,0,0,0,,,Active,https://res.cloudinary.com/djv5omejv/image/upload/v1788188143/inventory-system/products/vdpdux6j0euppyp13ljr.jpg
Poudre Vanille,257,poudre-vanille,product,,1,0,145,0,0,145,0,,,Active,
Praline Almendra 5kg (5kg*4pc),294,praline-almendra-5kg-5kg-4pc,product,,9,0,255,0,0,255,0,,,Active,
Praline Noisette 4 kg (4kg*4pc),291,praline-noisette-4-kg-4kg-4pc,product,,2,0,500,0,0,500,0,,,Active,
Qra3,qra3,qra3,Gumes,,9.6,0,0,0,0,0,0,,,Active,https://res.cloudinary.com/djv5omejv/image/upload/v1788333375/inventory-system/products/a5ci1odw2sxhx9iz9hyx.jpg
RISO 500g,63,risoto-bella-sardegna-1-kg,product,,13,0,0,0,0,38,0,,,Active,
RIZ BASMATI 5KG SHAZIA,64,riz-basmati-5kg-shazia,pattes,ABM,-2,0,145,0,0,145,0,,,Active,https://res.cloudinary.com/djv5omejv/image/upload/v1788514181/inventory-system/products/l4bozp5cpyxhraq91dtk.webp
ROSSA,198,rossa,product,,0,0,0,0,0,0,0,,,Active,
Rollo caisse,rollocaisse,rollocaisse,product,,73,0,0,0,0,10,0,6959664187470,,Active,"https://res.cloudinary.com/djv5omejv/image/upload/v1788279346/inventory-system/products/yelfc17afgu4pqhse8jc.jpg, https://res.cloudinary.com/djv5omejv/image/upload/v1788279348/inventory-system/products/cqg57nqf38g1r0ljukl5.jpg"
Rollo estropajo,Rollo,rollo,nettoyage,,0,0,0,0,0,0,0,,,Active,https://res.cloudinary.com/djv5omejv/image/upload/v1788776636/inventory-system/products/tlwjnoxolnzeguqndnja.jpg
Rollo tpe,tpe,tpe,product,,60,0,0,0,0,0,0,,,Active,"https://res.cloudinary.com/djv5omejv/image/upload/v1788280217/inventory-system/products/x0isvarfy48bfnk3mqno.jpg, https://res.cloudinary.com/djv5omejv/image/upload/v1788280226/inventory-system/products/m5ifrwkq3vytze5euxw7.jpg"
SAC CONGELATION,SACS CONGELATION ZIP,sac-congelation,embalo,ABM,44,0,14,0,0,14,0,,,Active,https://res.cloudinary.com/djv5omejv/image/upload/v1788971503/inventory-system/products/uzj8putpqzuyrlmfqjvi.jpg
SACHET D EMPORTER DE VENOISERIE PERSONALISE,319,sachet-d-emporter-de-venoiserie-personalise,product,,0,0,0.4,0,0,0.4,0,,,Active,https://res.cloudinary.com/djv5omejv/image/upload/v1788971627/inventory-system/products/vunnrohqwms1mvorxarp.webp
SAINT LOUIS  DEPUIS  CASSONADE,cassonade,cassonade,product,,1,0,0,0,0,0,0,3220035210008,,Active,https://res.cloudinary.com/djv5omejv/image/upload/v1788282060/inventory-system/products/wmuueltrq0lgcd0lbpfc.jpg
SAUCE SRIRACHA 560 ML IPROBA,69,sauce-sriracha-435-ml-iproba,souce,ABM,22,0,34,0,0,34,0,,,Active,
SAUCISSE (MERGUEZ),153,saucisse-merguez-1,product,,20,0,90,0,0,90,0,,,Active,
SCHENKSTROOP,secug12,secug12,product,,1,0,0,0,0,0,0,,,Active,https://res.cloudinary.com/djv5omejv/image/upload/v1788190482/inventory-system/products/l76ijvtgiz58bm8ivapg.jpg
SCHWEPPES CITRON,163,sch-citron,product,,11,0,182,0,0,182,0,,,Active,https://res.cloudinary.com/djv5omejv/image/upload/v1788795480/inventory-system/products/viwpdd4lfotxxsakrwpq.jpg
SCHWEPPS TONIC,164,sch-tonic,bar,,8,0,182,0,0,182,0,,,Active,https://res.cloudinary.com/djv5omejv/image/upload/v1788795187/inventory-system/products/dapggl8s9tnh9qdoou70.jpg
SCHWIPS CITRON MOJITO,165,schwips-citron-mojito,product,,-8,0,87,0,0,87,0,,,Active,https://res.cloudinary.com/djv5omejv/image/upload/v1788795011/inventory-system/products/qmyqisczltlxuw99g3mr.webp
SEL NORMAL,70,sel-normal,TAWABIL,ABM,135,0,0.45,0,0,0.45,0,,,Active,https://res.cloudinary.com/djv5omejv/image/upload/v1788863310/inventory-system/products/tlbzzxgckliw6qxxympj.png
SEL TUB STAR 450G,71,sel-tub-star-450g,TAWABIL,ABM,35,0,4.8,0,0,5,0,6111184001562,,Active,https://res.cloudinary.com/djv5omejv/image/upload/v1788282967/inventory-system/products/syyj5m9hi1jij0vabfi7.jpg
SERVIETTE 20/20 2 PLIS,194,serviette-20-20-2-plis,nettoyage,,101,0,11.5,0,0,11.5,0,8411029000902,,Active,https://res.cloudinary.com/djv5omejv/image/upload/v1788863614/inventory-system/products/jx9x8l0zxko4yv568cin.jpg
SERVIETTE 30/30,195,serviette-30-30,nettoyage,ABM,457,0,8.1,0,0,8.1,0,,,Active,https://res.cloudinary.com/djv5omejv/image/upload/v1788424495/inventory-system/products/dpfhwkf4bqq6kl33qa5s.jpg
SESAM  blanc,72,sezam-kg,TAWABIL,ABM,9,0,85,0,0,85,0,,,Active,
SESAM hul,hulsemsem,hulsemsem,product,,1,0,0,0,0,0,0,,,Active,https://res.cloudinary.com/djv5omejv/image/upload/v1788190211/inventory-system/products/uhylndijxclvaocwklsg.jpg
SESAM noir,Semsemn,semsemnh,product,,3,0,0,0,0,0,0,,,Active,
SIDI ALI 33CL,209,sidi-ali-33cl,bar,,536,0,18.6,0,0,18.5455,0,,,Active,https://res.cloudinary.com/djv5omejv/image/upload/v1788439318/inventory-system/products/q3upyjvlolehafduai0o.png
SIDI ALI 50CL,210,sidi-ali-50cl,bar,,4,0,87.6,0,0,87.6,0,,,Active,https://res.cloudinary.com/djv5omejv/image/upload/v1788797088/inventory-system/products/wfalob3aadwbtkadkqt4.jpg
SIDI ALI 75CL,211,sidi-ali-75cl,bar,,5,0,124.84,0,0,124.84,0,,,Active,https://res.cloudinary.com/djv5omejv/image/upload/v1788941335/inventory-system/products/h7hsq9xpvp5vgzd9mchm.png
SIOF 5L,33,huile-de-table-siof,souce,ABM,64.9,0,83,0,0,83,0,,,Active,https://res.cloudinary.com/djv5omejv/image/upload/v1788967712/inventory-system/products/vf8clvjiqklowqvhucrp.jpg
SIOF Sliced Black Olives,siof-olives,siof-olives,product,,2,0,0,0,0,0,0,,,Active,https://res.cloudinary.com/djv5omejv/image/upload/v1788429092/inventory-system/products/utccobwstzeacklhaak0.png
SIROP COCO,107,sirop-coco,product,,10,0,100,0,0,100,0,,,Active,
SIROP FRAISE,105,sirop-fraise,product,ABM,4,0,100,0,0,100,0,,,Active,https://res.cloudinary.com/fkyp6bjc/image/upload/v1789311425/inventory-system/products/qg4rkphwejcnth1pofvt.jpg
SIROP FRAMBOISE 700ml,106,sirop-framboise,product,,3,0,100,0,0,90,0,,,Active,
SIROP GRENADINE,101,sirop-grenadine,product,,0,0,20,0,0,20,0,,,Active,
SIROP MOJITO,Hkh,hh,product,,2,0,0,0,0,0,0,,,Active,https://res.cloudinary.com/djv5omejv/image/upload/v1788186403/inventory-system/products/fjhrusifqufpe0b6xti9.jpg
SIROP MOJITO 1883,156,sirop-mojito,product,,3,0,156,0,0,156,0,,,Active,
SIROP NOISETTE,157,sirop-noisette,product,,17,0,85,0,0,85,0,,,Active,
SIROP VANILLE,158,sirop-vanille,product,,15,0,156,0,0,156,0,,,Active,https://res.cloudinary.com/djv5omejv/image/upload/v1788185881/inventory-system/products/gqtyseje5kqjusowwkzn.jpg
SMARTIES 1KG,182,smarties,product,,2,0,50,0,0,50,0,6111250904988,,Active,https://res.cloudinary.com/fkyp6bjc/image/upload/v1789313079/inventory-system/products/natb7fyokoskoq7hthil.webp
SMIDA R9I9A,175,smida-r9i9a,product,,1,0,210,0,0,210,0,,,Active,
SOLOMILLO,154,solomillo-1,product,,16.65,0,185,0,0,185,0,,,Active,
SPAGHETTI MONTE REGALE 500 GR,73,spaghetti-monte-regale-500-gr,pattes,ABM,44,0,9.5,0,0,9.5,0,8004880810058,,Active,https://res.cloudinary.com/djv5omejv/image/upload/v1788863070/inventory-system/products/mfz9md9zkj3kizpl23dg.jpg
SPRITE,166,sprite,bar,,7,0,181.2,0,0,181.1999,0,,,Active,https://res.cloudinary.com/djv5omejv/image/upload/v1788794925/inventory-system/products/c6g05khbsly2ipitjyir.webp
"SUCRE PERSONNALISE CARRE ""CAPPUCCINO""",103,sucre-personnalise-carre-cappuccino,patisssserie,ABM,29,0,0,0,0,0,0,,,Active,https://res.cloudinary.com/djv5omejv/image/upload/v1788191931/inventory-system/products/zghztjqmsqjeehvlypj2.jpg
SWET LOW,129,swet-low,product,,0,0,20,0,0,20,0,,,Active,
Sauce Barbecue Nawhal’s 950ml,135,barbecue-950ml,souce,ABM,32,0,48,0,0,48,0,,,Active,https://res.cloudinary.com/djv5omejv/image/upload/v1788363676/inventory-system/products/xmona4dlyyefp8bzjkyl.jpg
Sauce Pistache,289,sauce-pistache,product,,90,0,880,0,0,880,0,,,Active,
Savon A Main DOVE 5L,Savon A Main DOVE 5L,savon-a-main-dove-5l,product,,1,0,69,69,69,69,0,,,Active,
Semer du pain,semerpain,semerpain,product,,40,0,0,0,0,1,0,,,Active,https://res.cloudinary.com/djv5omejv/image/upload/v1788445141/inventory-system/products/wmzmfmcsnwzqoasdfwae.jpg
Serviette 33x33 1 pil,196,serviette-33x33-1-pil,product,,0,0,6.1,0,0,6.1,0,,,Active,
Sirope fresa,siropfresa,siropfresa,product,,12,0,0,0,0,0,0,,,Active,https://res.cloudinary.com/djv5omejv/image/upload/v1788190848/inventory-system/products/lakh7zal90qtinezrarl.jpg
Slice tranches 24,slice-tranches,slice-tranches,product,,31,0,0,0,0,0,0,,,Active,https://res.cloudinary.com/djv5omejv/image/upload/v1788348886/inventory-system/products/yjzzfgbv07a8ootdrgya.jpg
Sucre 1kg,286,sucre-glace-5kg,product,,14,0,65,0,0,65,0,,,Active,
Sucre Marron 1kg,266,sucre-marron-1kg,product,,8,0,35,0,0,35,0,,,Active,
Sucre Neige 1kg,263,sucre-neige-1kg,product,,1,0,90,0,0,90,0,,,Active,
Sucre en poudre,sucre-poudre,sucre-poudre,product,,3,0,0,0,0,15,15,,,Active,https://res.cloudinary.com/fkyp6bjc/image/upload/v1789477540/inventory-system/products/p5ogv8i0nno8eiqsysgr.webp
Sucre inverti ,0000,0000,embalo,,15,0,0,0,0,11,0,,,Active,https://res.cloudinary.com/djv5omejv/image/upload/v1788194581/inventory-system/products/xp3vurmsfcsmgz9qc8hn.jpg
Sucre semoule 2kg,SUCRE-SEMOULE-BELLAR-2kg,sucre-semoul,TAWABIL,ABM,5,0,11,0,0,11,0,,,Active,https://res.cloudinary.com/djv5omejv/image/upload/v1788431173/inventory-system/products/ym8bgnzp5ztzrxxisvzy.webp
TABASCO 60ML,75,tabasco-60ml,souce,ABM,32,0,25,0,0,27,0,,,Active,https://res.cloudinary.com/djv5omejv/image/upload/v1788363270/inventory-system/products/af8nlhgtmazptpem2jkb.webp
TAGLIATELLE GRANORO 500 GR,77,tagliatelle-granoro-500-gr,pattes,ABM,44,0,25,0,0,25,0,,,Active,https://res.cloudinary.com/djv5omejv/image/upload/v1788772317/inventory-system/products/wkjlgjkf1vjihtfrg6ui.webp
TCHABA (chamomile breeze),137,tchaba-chamomile-breeze,product,,-10,0,9,0,0,9,0,,,Active,
TCHABA (mysterious medina),139,tchaba-mysterious-medina,product,,0,0,9,0,0,9,0,,,Active,
TCHABA (royale breakfast),140,tchaba-royale-breakfast,product,,-5,0,7.5,0,0,7.5,0,,,Active,
TCHABA (sencha zen),142,tchaba-sencha-zen,product,,0,0,9,0,0,9,0,,,Active,
TCHABA (slivert tips),141,tchaba-slivert-tips,product,,-5,0,12,0,0,12,0,,,Active,
THE LION 200G,115,the-lion-200g,product,,0,0,20,0,0,20,0,,,Active,
THE LION 500G,114,the-lion-500g,bar,,43,0,50,0,0,47,0,,,Active,https://res.cloudinary.com/djv5omejv/image/upload/v1788942568/inventory-system/products/xo2tesopfwl9lpxnphpv.jpg
THECHO ICE 1kg,240,thecho-ice-1kg,product,,0,0,0,0,0,0,0,,,Active,
THON PESCADA 1700 GR,78,thon-pescada-1700-gr,SALAD,ABM,26,0,140,0,0,140,0,6111184003870,,Active,https://res.cloudinary.com/djv5omejv/image/upload/v1788285487/inventory-system/products/qrqdabpiqymbkq94ofie.webp
"TIRAMISSU INPLOVERE 1,5kg",241,tiramissu-inplovere-1-5kg,product,,-1,0,0,0,0,0,0,,,Active,
TOMATE CONCENTRE AICHA,79,tomate-concentre-aicha,souce,ABM,16,0,30,0,0,30,0,6111021090056,,Active,https://res.cloudinary.com/djv5omejv/image/upload/v1788185624/inventory-system/products/dmngboov3savzxz8vsqh.jpg
TOMATE MOZZARLLA,130,tomate-mozzatrella,SALAD,,9,0,28.33,0,0,28.33,0,,,Active,https://res.cloudinary.com/djv5omejv/image/upload/v1788350279/inventory-system/products/c0bcqkoq0s2lwzxrnmju.webp
TOMATE PELE,TOMATE ENTRO PELADO 3KG*6 -JJJ-,tomate-pele,souce,ABM,27,0,60,0,0,50,0,8427754020177,,Active,https://res.cloudinary.com/djv5omejv/image/upload/v1788285995/inventory-system/products/ohn5epraryelhecuaqdk.jpg
TOP MOUSSE 1kg,244,top-mousse-1kg,product,,4,0,0,0,0,0,0,,,Active,
TOPPING CARAMEL 1KG,81,topping-caramel-1kg,product,,3,0,0,0,0,62,0,,,Active,
TOPPING CHOCOLAT 1KG,82,topping-chocolat-1kg,product,,5,0,0,0,0,0,0,,,Active,
TOPPING FRAISE,83,topping-fraise,product,,11,0,0,0,0,0,0,,,Active,
TRIA 10kg,170,tria,product,,-1,0,45,0,0,45,0,,,Active,
Tartufata Sauce 500g,tartufata,tartufata,product,,1,0,0,0,0,0,0,8051084491200,,Active,https://res.cloudinary.com/djv5omejv/image/upload/v1788270257/inventory-system/products/mmulw29l3ojh934ogdge.jpg
Technoice,3434,3434,patisssserie,,2,0,0,0,0,0,0,,,Active,https://res.cloudinary.com/djv5omejv/image/upload/v1788196024/inventory-system/products/ksslcvf08jeurlxpphqe.jpg
Tefa7,pomme loc,pomme-loc,product,,27.1,0,0,0,0,15,0,,,Active,https://res.cloudinary.com/djv5omejv/image/upload/v1788696775/inventory-system/products/tactw1yy9vp7z6fgfu3z.avif
Tefa7,pomme lmp,pomme,Gumes,,53.6,0,27,0,0,27,0,,,Active,https://res.cloudinary.com/djv5omejv/image/upload/v1788336802/inventory-system/products/e6gsucj3hw4lshlyhr9x.jpg
Tempura 700g,tempura,tempura,product,,7,0,54,0,0,54,0,,,Active,
Tomat 1kg,tomat,tomatt,product,,40,0,0,0,0,6,0,,,Active,https://res.cloudinary.com/djv5omejv/image/upload/v1788306864/inventory-system/products/geg8jcg2smorw1eq4vje.webp
Tomates cerise,tomatcer,tomatcer,Gumes,,65.736,0,0,0,0,14,0,,,Active,https://res.cloudinary.com/djv5omejv/image/upload/v1788333812/inventory-system/products/shaaisanw7gclliecxcg.jpg
Twma,twma,twma,product,,10.9,0,40,0,0,40,0,,,Active,https://res.cloudinary.com/fkyp6bjc/image/upload/v1789029385/inventory-system/products/dndxpsqvtlfusjygy0rz.jpg
VALENCIA ANANAS 1L,84,valencia-ananas-1l,boisson,ABM,76,0,12.5,0,0,13,0,,,Active,https://res.cloudinary.com/fkyp6bjc/image/upload/v1789052855/inventory-system/products/hhdo3ztr93wjv2pop1zv.png
VANIGLIA EXTRA,5661,vaniglia-extra,product,,1,0,310,0,0,310,0,,,Active,
VANILKON 3kg,215,vanilkon-3kg,product,,0,0,0,0,0,0,0,,,Active,
VARIEGATO AMARENA,5689,variegato-amarena,product,,1,0,270,0,0,270,0,,,Active,
VARIEGATO CIOCOROK FONDANTE,5685,variegato-ciocorok-fondante,product,,1,0,310,0,0,310,0,,,Active,
VARIEGATO PRALINE,5686,variegato-praline,product,,1,0,280,0,0,280,0,,,Active,
VERMICELLE,10,vermicelle,pattes,ABM,40,0,7,0,0,12,0,,,Active,https://res.cloudinary.com/djv5omejv/image/upload/v1788364350/inventory-system/products/esmppvt7szsdfhnto9u9.jpg
VINAIGRE  de riz,rizky,rizky,product,,1,0,0,0,0,0,0,,,Active,https://res.cloudinary.com/djv5omejv/image/upload/v1788190325/inventory-system/products/qhg54tzqhtr5efiapcfe.jpg
VINAIGRE BALSAMIQUE 25ml,balsamique,balsamique,product,,2,0,0,0,0,56.5,0,,,Active,https://res.cloudinary.com/djv5omejv/image/upload/v1788526714/inventory-system/products/k13othj0ytew0tbey86f.jpg
VINAIGRE BALSAMIQUE 50ml,126,vinaigre-balsamique,product,,2,0,56.5,0,0,57,0,,,Active,https://res.cloudinary.com/djv5omejv/image/upload/v1788526616/inventory-system/products/runn5gwvapnnedj7pzmz.jpg
VINAIGRE NORMAL 50CL,86,vinaigre-normal-50cl,service,ABM,25,0,3,0,0,3.5,0,,,Active,https://res.cloudinary.com/djv5omejv/image/upload/v1788865043/inventory-system/products/bo1xde9sx1g7sbio9gfq.webp
WRAP,136,wrap,product,ABM,26,0,50,0,0,50,0,5425021586312,,Active,https://res.cloudinary.com/djv5omejv/image/upload/v1788271174/inventory-system/products/h7mocz9gepzc0s5lwbll.jpg
YOGA 1kg,249,yoga-1kg,product,,0,0,0,0,0,0,0,,,Active,
ZERO,167,zero,bar,,8,0,181.2,0,0,181.2,0,,,Active,https://res.cloudinary.com/djv5omejv/image/upload/v1788792594/inventory-system/products/k0cixnzdvqcmgg9y0apz.webp
abrillantador maquina lavavajillas aguas duras 10l wins,abrillantador ,abrillantador,nettoyage,,2,0,330,0,0,330,0,,,Active,https://res.cloudinary.com/djv5omejv/image/upload/v1788699744/inventory-system/products/rrkl75dxusyx1xqvxkzl.png
ailes de poulet,ailes-de-poulet,ailes-de-poulet,product,,10,0,0,0,0,0,0,,,Active,https://res.cloudinary.com/djv5omejv/image/upload/v1788362053/inventory-system/products/zvcarj8iygslovq5bjst.jpg
ainab abyad,einab ,einab,product,,18,0,0,0,0,12,0,,,Active,https://res.cloudinary.com/djv5omejv/image/upload/v1788446340/inventory-system/products/o2jo3fpd0arigfgn4rvi.webp
ainab khal,einabk,einabk,product,,16,0,0,0,0,14,0,,,Active,https://res.cloudinary.com/djv5omejv/image/upload/v1788446377/inventory-system/products/s8ydms74o9b53vkh8vsx.jpg
amande,louz,amande,bar,,16,0,0,0,0,93,0,,,Active,https://res.cloudinary.com/djv5omejv/image/upload/v1788946489/inventory-system/products/vgw2wrfqhswyzwlbbxwa.avif
amlo,amlo,amlo,P dej,,-1,0,880,0,0,880,0,,,Active,https://res.cloudinary.com/djv5omejv/image/upload/v1788769110/inventory-system/products/nvatl9vhcb677sahmn6j.jpg
ananas,ananas,ananas,Fruit,,176.4,0,0,0,0,25,0,,,Active,https://res.cloudinary.com/djv5omejv/image/upload/v1788339787/inventory-system/products/tnlutreblnneamy4yx4e.jpg
anchoise huile,anchoise-huile,anchoise-huile,product,,1,0,37.25,0,0,37.25,0,,,Active,https://res.cloudinary.com/djv5omejv/image/upload/v1788616747/inventory-system/products/zzue7fg4earu5u9twper.webp
anchoise marin 200g,anchoise-marin-200g,anchoise-marin-200g,product,,6,0,43.95,0,0,43.95,0,,,Active,https://res.cloudinary.com/djv5omejv/image/upload/v1788616882/inventory-system/products/xcbdzi3nvgepe5dqca6a.png
azir,azir,azir,product,,1,0,0,0,0,0,0,,,Active,https://res.cloudinary.com/djv5omejv/image/upload/v1788346055/inventory-system/products/jarevklfb1ecuwmdls96.jpg
banan spanai,banansp,banansp,Fruit,,75.015,0,11.5,0,0,11.5,0,,,Active,https://res.cloudinary.com/djv5omejv/image/upload/v1788341047/inventory-system/products/ezpjafw4473qd6tnkl0w.webp
barbecuo 2kg,01,barbecuo-2kg,souce,ABM,29,0,34,0,0,34,0,,,Active,https://res.cloudinary.com/djv5omejv/image/upload/v1788363448/inventory-system/products/dwf4mvrudxmrcicoulbp.webp
barilla lasagne oeuf,128,lasagne,product,,3,0,65.95,0,0,65.95,0,,,Active,https://res.cloudinary.com/djv5omejv/image/upload/v1788527102/inventory-system/products/cljwwuwnfsmuxwc6dze5.webp
basilique,basilique,basilique,product,,28,0,7,0,0,7,0,,,Active,https://res.cloudinary.com/djv5omejv/image/upload/v1788344033/inventory-system/products/ldqfyn5c9eio49uoipbj.jpg
batata,batata,batata,product,,7,0,7,0,0,7,0,,,Active,https://res.cloudinary.com/fkyp6bjc/image/upload/v1789044110/inventory-system/products/hb4w3gcb33ajlohrsne3.jpg
batiyou snan,21,curdent-rond,service,ABM,1,0,18.5,0,0,18.5,0,,,Active,https://res.cloudinary.com/fkyp6bjc/image/upload/v1789123266/inventory-system/products/xionnaiylbzvbcqdjkrw.jpg
betikhe,betikhe,betikhe,Fruit,,20.9,0,0,0,0,3,0,,,Active,https://res.cloudinary.com/djv5omejv/image/upload/v1788342204/inventory-system/products/wxughy4a7qans25u4yzv.jpg
betterave,betterave,betterave,product,,1,0,5,0,0,5,0,,,Active,https://res.cloudinary.com/djv5omejv/image/upload/v1788506052/inventory-system/products/ecklq90xpiaceia6kxi7.webp
boire,boire,boire,product,,2,0,0,0,0,0,0,,,Active,
boit Sandwish,sandwish,sandwish,product,,14,0,0,0,0,0,0,,,Active,https://res.cloudinary.com/djv5omejv/image/upload/v1788355361/inventory-system/products/yhtarszblwqlmzur5ghe.webp
boit cartone g,boit-cartone-g,boit-cartone-g,product,,55,0,0,0,0,0,0,,,Active,https://res.cloudinary.com/djv5omejv/image/upload/v1788359658/inventory-system/products/mybgfcdq7yejcbolc024.webp
boit cartone m,boit-cartone,boit-cartone,product,,62,0,0,0,0,64,0,,,Active,https://res.cloudinary.com/djv5omejv/image/upload/v1788359543/inventory-system/products/njbm5mgyx5iwsnekiupi.webp
boite crepe,boite-crepe,boite-crepe,product,,280,0,0,0,0,2,0,,,Active,https://res.cloudinary.com/djv5omejv/image/upload/v1788356819/inventory-system/products/gbkc4jqvelrqfannokp2.webp
boite pizza 31/31,337,boite-pizza-31-31,pizza,,-40,0,4.2,0,0,4.2,0,,,Active,https://res.cloudinary.com/djv5omejv/image/upload/v1788779789/inventory-system/products/o9zbjntdgrt1cm2kd8rt.webp
bona 500g,bona,bona,product,,58,0,13.75,0,0,14,0,,,Active,https://res.cloudinary.com/djv5omejv/image/upload/v1788349024/inventory-system/products/czz6hoftttldezk1plv1.jpg
brochet,07,brochet,product,ABM,3,0,0,0,0,0,0,,,Active,https://res.cloudinary.com/djv5omejv/image/upload/v1788364086/inventory-system/products/gq5zkajj4zqutptnauy2.jpg
brocoli,brocoli,brocoli,product,,28.6,0,32,0,0,32,0,,,Active,https://res.cloudinary.com/djv5omejv/image/upload/v1788343806/inventory-system/products/uyxz2ksscwjnagehdh2t.png
bssal,basla,basla,SALAD,,-0.25,0,0,0,0,5,0,,,Active,https://res.cloudinary.com/djv5omejv/image/upload/v1788684388/inventory-system/products/wofetpqspsqezf2n0scl.jpg
canelle moulu,97,canelle-moulu,product,,0,0,60,0,0,60,0,,,Active,
chahdi,nectarine,nectarine,product,,11.1,0,11.1,0,0,13,0,,,Active,https://res.cloudinary.com/djv5omejv/image/upload/v1788690365/inventory-system/products/np84dk0zj910rvzbyfpi.jpg
ciboulette,ciboulette,ciboulette,product,,5,0,7,0,0,7,0,,,Active,https://res.cloudinary.com/djv5omejv/image/upload/v1788691705/inventory-system/products/anwvqv9kxbyto5eeeu1m.jpg
couteau luxe,couteau luxe,couteau-luxe,product,,0,0,12,0,0,12,0,,,Active,https://res.cloudinary.com/fkyp6bjc/image/upload/v1789042145/inventory-system/products/odb4tw40jcvujujwduqv.avif
cream plus 5L,cream plus 5L,cream-plus,patisssserie,,10,0,100,0,0,100,0,,,Active,https://res.cloudinary.com/djv5omejv/image/upload/v1788696031/inventory-system/products/vdbwkk4lge9u4ww2lipn.webp
creme cuisson,creme-cuisson,creme-cuisson,product,,60,0,0,0,0,28,0,,,Active,https://res.cloudinary.com/djv5omejv/image/upload/v1788349965/inventory-system/products/qcqvqczrtj4zffor3axc.webp
croissant amande G,croissant,croissant,P dej,,19,0,7,0,0,7,0,,,Active,
cuillere a glace ,cuillereaglace ,cruillereaglace,product,,2,0,60,0,0,55,0,,,Active,
cumin moulu 100g,88,cumin-moulu,TAWABIL,ABM,23,0,6.5,0,0,6.5,0,,,Active,
danon nature,SPCK YAC BRA DANONE,danon,product,,99,0,2.25,0,0,2.2499,0,,,Active,https://res.cloudinary.com/djv5omejv/image/upload/v1788350513/inventory-system/products/k39dolta5kzyapuucmp3.webp
datte,89,datte,product,,0,0,70,0,0,70,0,,,Active,
dragone,dragone,dragone,Fruit,,9.5,0,0,0,0,50,0,,,Active,https://res.cloudinary.com/djv5omejv/image/upload/v1788339271/inventory-system/products/twex75pkmgwud6vodbu4.jpg
emporter burger,328,emporter-burger,product,,35,0,0.9,0,0,0.9,0,,,Active,
emporter carton g,326,emporter-carton-g,product,,386,0,2.2,0,0,2.2,0,,,Active,
emporter carton p,327,emporter-carton-p,product,,640,0,1.8,0,0,1.8,0,,,Active,
emporter takos,329,emporter-takos,product,,116,0,1.2,0,0,1.2,0,,,Active,
felfel  khabra,piment-doux,piment-doux,P dej,,1,0,50,0,0,50,0,,,Active,https://res.cloudinary.com/djv5omejv/image/upload/v1788708343/inventory-system/products/jt2x17plhws7emebsjbr.jpg
felfel hare,felfel-hare,felfel-hare,product,,3.2,0,0,0,0,8,0,,,Active,https://res.cloudinary.com/djv5omejv/image/upload/v1788345755/inventory-system/products/r4pbqysodh9ntj4xaa3p.webp
felfel r/o,poivron,poivron,product,,31.3,0,0,0,0,14,0,,,Active,https://res.cloudinary.com/djv5omejv/image/upload/v1788307168/inventory-system/products/bnkisoado0apkhxt4qfo.jpg
filet de poulet,Filet-de-poulet,filet-poulet-1,product,,285,0,65,0,0,65,0,,,Active,https://res.cloudinary.com/djv5omejv/image/upload/v1788431739/inventory-system/products/lnhkqpsivxiq25nfle2h.jpg
formage pitza,forpitza,forpitza,formage,,102,0,0,0,0,0,0,,,Active,
fourchette lux,fourchette lux,fourchette,product,,0,0,12,0,0,12,0,,,Active,https://res.cloudinary.com/fkyp6bjc/image/upload/v1789041463/inventory-system/products/z0oujnil3vdukq27je7m.webp
frite congele,26,frite-congele,product,,127,0,48,0,0,48,0,,,Active,https://res.cloudinary.com/fkyp6bjc/image/upload/v1789029223/inventory-system/products/bzmslxxoou0zqq0ve1pi.jpg
fromage parmesan  7ps/kg,FROMAGE PARMESAN 1KG,fromage-parmesan,formage,ABM,62.88,0,160,0,0,160,0,,,Active,https://res.cloudinary.com/djv5omejv/image/upload/v1788347890/inventory-system/products/wttdcokhfgzshygbukxb.webp
gawza,91,gawza,TAWABIL,ABM,1,0,220,0,0,220,0,,,Active,
gex marmo,marmo,marmo,nettoyage,,4,0,0,0,0,120,0,,,Active,
gingumbre,92,gingumbre,product,,0,0,62,0,0,62,0,,,Active,
hlib coco,hlib-coco,hlib-coco,jus,,0,0,13.5,0,0,13.5,0,,,Active,https://res.cloudinary.com/fkyp6bjc/image/upload/v1789380288/inventory-system/products/btydrnkzcg7cznzykevm.jpg
hlib lawz,hlib-lawz,hlib-lawz,bar,,0,0,91,0,0,62.65,0,,,Active,https://res.cloudinary.com/djv5omejv/image/upload/v1788617245/inventory-system/products/bohqjgzobstqsrhyaiu0.png
hlib rwz,boisson-de-riz-scollt,boisson-de-riz-scollt,bar,,1,0,32.95,0,0,32.95,0,,,Active,https://res.cloudinary.com/djv5omejv/image/upload/v1788617500/inventory-system/products/phl7a7irbuukpluzcsrf.jpg
hlib1/2 L,LAIT PASTEURISE DEMI,lait,product,,321,0,4,0,0,4,0,,,Active,https://res.cloudinary.com/djv5omejv/image/upload/v1788527350/inventory-system/products/h2wiameewvxurekvmaez.jpg
ja3da,ja3da,ja3da,Gumes,,74,0,0,0,0,7,0,,,Active,https://res.cloudinary.com/djv5omejv/image/upload/v1788333513/inventory-system/products/mfhd2ppstao66xe8vinq.jpg
jbn arabic,jbn-arabic,jbn-arabic,product,,281,0,17,0,0,17,0,,,Active,https://res.cloudinary.com/djv5omejv/image/upload/v1788436683/inventory-system/products/jes3w46nkzrheymo5k0f.jpg
khamira ma3jouna,khamira,khamira,pizza,,2,0,8,0,0,8,0,,,Active,https://res.cloudinary.com/fkyp6bjc/image/upload/v1789043970/inventory-system/products/w9jj3ha64vn7dzlthchy.jpg
khas 7mar,khas 7mar,khas-7mar,product,,5,0,4,0,0,4,0,,,Active,https://res.cloudinary.com/djv5omejv/image/upload/v1788684995/inventory-system/products/n7zilpt6moey4ypgdvtf.jpg
khas twil,khas,khas,product,,21,0,0,0,0,200,0,,,Active,https://res.cloudinary.com/djv5omejv/image/upload/v1788342776/inventory-system/products/rxmjisil4jicc1afvq0i.jpg
khokh,khokh,khokh,Fruit,,7.8,0,0,0,0,13,0,,,Active,https://res.cloudinary.com/djv5omejv/image/upload/v1788339412/inventory-system/products/jd4g16icmxwtpbntzjfk.webp
kiwi,kiwi,kiwi,Fruit,,15.5,0,46,0,0,46,0,,,Active,https://res.cloudinary.com/djv5omejv/image/upload/v1788339923/inventory-system/products/kqicqgroivlldqbexez7.webp
kromb,choux-blanc,choux-blanc,product,,15.75,0,0,0,0,5.24,0,,,Active,https://res.cloudinary.com/djv5omejv/image/upload/v1788686282/inventory-system/products/nrlqahpiee7sagwkxvao.webp
kron,bola,bola,product,,24,0,0,0,0,155,0,,,Active,https://res.cloudinary.com/djv5omejv/image/upload/v1788347729/inventory-system/products/vqbnlmkbuhd9qfkjmrnp.webp
lait jaouda 1 l uht,93,lait-jaouda-1-l-uht,bar,ABM,297,0,10.84,0,0,10.84,0,,,Active,https://res.cloudinary.com/djv5omejv/image/upload/v1788856541/inventory-system/products/ktspo1mckiroue1xp38o.webp
langestin,langestin,langestin,product,,19,0,0,0,0,0,0,,,Active,https://res.cloudinary.com/djv5omejv/image/upload/v1788362891/inventory-system/products/sxgslxfsverjycyd9h0n.jpg
lantapink,lantapink,lantapink,nettoyage,,3,0,0,0,0,0,0,,,Active,https://res.cloudinary.com/djv5omejv/image/upload/v1788861229/inventory-system/products/o0jlfzxrhcq9od5edj3t.jpg
lingas,lingas,lingas,Fruit,,14,0,0,0,0,0,0,,,Active,https://res.cloudinary.com/djv5omejv/image/upload/v1788341832/inventory-system/products/zgrnl3bbubvwim6dywvx.jpg
lobia khagra,lobia,lobia,Gumes,,3,0,0,0,0,15,0,,,Active,https://res.cloudinary.com/djv5omejv/image/upload/v1788345430/inventory-system/products/oikxl1cfxrg3xzi9xwl5.jpg
lomo,lomo,lomo,product,,9.7,0,150,0,0,150,0,,,Active,https://res.cloudinary.com/djv5omejv/image/upload/v1788954607/inventory-system/products/jzexi9w4zll0l1lepaky.jpg
m3adnos,m3adnos,m3adnos,pattes,,11,0,0,0,0,1,0,,,Active,https://res.cloudinary.com/djv5omejv/image/upload/v1788778719/inventory-system/products/myqoixdezothqica6dth.webp
mais doux 400g,mais,mais,bar,,10,0,10,0,0,20,0,6933300029492,,Active,https://res.cloudinary.com/djv5omejv/image/upload/v1788278606/inventory-system/products/p4p9naanrgwoiznsfovu.jpg
manchego,40,manchego,formage,ABM,18.3,0,160,0,0,160,0,,,Active,https://res.cloudinary.com/djv5omejv/image/upload/v1788348518/inventory-system/products/pd0kqvari2o9pse9digl.jpg
mange,mange,mange,Fruit,,91.5,0,27,0,0,27,0,,,Active,https://res.cloudinary.com/djv5omejv/image/upload/v1788337569/inventory-system/products/pumk821vbyf1vj43n544.jpg
mansania,94,mansania,bar,ABM,15,0,32,0,0,0,0,,,Active,
mare,mare,mare,product,,1,0,0,0,0,0,0,,,Active,https://res.cloudinary.com/djv5omejv/image/upload/v1788603845/inventory-system/products/znv7dfcupzrpwgi1rnjn.webp
matcha,45646,3454,bar,marone,2,0,480,0,0,480,0,,,Active,https://res.cloudinary.com/djv5omejv/image/upload/v1788856723/inventory-system/products/ju0syuwimfanoxeiac4k.jpg
mayfine 450g,mayfine,mayfine,patisssserie,,1,0,0,0,0,0,0,6111180001887,,Active,https://res.cloudinary.com/djv5omejv/image/upload/v1788269959/inventory-system/products/rnpwwwbp89wy9g2xw28o.jpg
mika nadafa,mika-nadafa,mika-nadafa,nettoyage,,2,0,0,0,0,0,0,,,Active,https://res.cloudinary.com/djv5omejv/image/upload/v1788772618/inventory-system/products/cxrlnqgvswouis3oxet2.jpg
mini pains complets,mini-pains-complets,mini-pains-complets,P dej,,551,0,2,0,0,2,0,,,Active,https://res.cloudinary.com/djv5omejv/image/upload/v1788964418/inventory-system/products/gekuebgnpthxnbw8tnxa.avif
moutarde ancienne,ancienne,ancienne,product,,13,0,12,0,0,12,0,6111184007823,,Active,https://res.cloudinary.com/djv5omejv/image/upload/v1788278204/inventory-system/products/jxmorg4yj2jiaje9nmrg.jpg
mure,mure,mure,Fruit,,5,0,13.5,0,0,15,0,,,Active,https://res.cloudinary.com/fkyp6bjc/image/upload/v1789305664/inventory-system/products/jjr0vnqq2feulzbmyeyl.jpg
na3na3,na3na3,na3na3,product,,83,0,0,0,0,2,0,,,Active,https://res.cloudinary.com/djv5omejv/image/upload/v1788342496/inventory-system/products/ppupb48ocx7zftqe63al.jpg
nouilles harmony,47,nouille,pattes,ABM,133,0,17.5,0,0,16.5,0,6111242801479,,Active,https://res.cloudinary.com/djv5omejv/image/upload/v1788791349/inventory-system/products/pzprt2myrvu75m229oom.jpg
oeuf liquide pasteurisé banch 2kg,Liquid Eggs banch,liquid-lggs-banch,patisssserie,,1,0,61.46,0,0,61.46,0,,,Active,https://res.cloudinary.com/djv5omejv/image/upload/v1788696251/inventory-system/products/yvw36xljp9mdsz2lzcor.webp
oeuf liquide pasteurisé jaune 2kg,oeuf liquide pasteurisé jaune 2kg,oeuf-liquide,patisssserie,,4,0,0,0,0,145.13,0,,,Active,https://res.cloudinary.com/djv5omejv/image/upload/v1788696114/inventory-system/products/tm6w0eqv3lddphev0uqo.webp
orange,orange,orange,product,,166.133,0,0,0,0,6,0,,,Active,https://res.cloudinary.com/djv5omejv/image/upload/v1788687294/inventory-system/products/dowkw4d8evvmqion9e3s.png
pagrir g,pagrir-g,pagrir-g,P dej,,79,0,4,0,0,4,0,,,Active,https://res.cloudinary.com/djv5omejv/image/upload/v1788437360/inventory-system/products/i3grjvyeuaqqdl5imxao.jpg
pagrir p,pagrir-p,pagrir-p,P dej,,270,0,2,0,0,2,0,,,Active,https://res.cloudinary.com/djv5omejv/image/upload/v1788437188/inventory-system/products/vjzvplrmlcqlo7f9w1nj.jpg
pailles envelopppe 500 psc,PAILLES ENVELOPPE 500 PSC,pailles-x-500,product,,4,0,40,0,0,36,0,,,Active,https://res.cloudinary.com/djv5omejv/image/upload/v1788512789/inventory-system/products/fael6vak3trdmm4n9v6n.jpg
pailles noir/colore x100,333,pailles-noir-colore-x100,product,,12,0,19,0,0,20,0,,,Active,
pailles x 100,335,pailles-x-100,product,,12,0,9.5,0,0,15,0,,,Active,
pain burger,pain-burger,pain-burger,product,,1,0,0,0,0,0,0,,,Active,https://res.cloudinary.com/djv5omejv/image/upload/v1788346976/inventory-system/products/afum93lycwb3njegvxmf.webp
panin,panin,panin,product,,17,0,0,0,0,0,0,,,Active,https://res.cloudinary.com/djv5omejv/image/upload/v1788346677/inventory-system/products/ub0bmifzfsodrhutdhl7.jpg
papier essuie main,188,papier-essuie-main,product,,20,0,260,0,0,260,0,,,Active,https://res.cloudinary.com/fkyp6bjc/image/upload/v1789029483/inventory-system/products/m5trpu5lntyegl7ubdh1.webp
paprika fumer,56,paprika-fumer,TAWABIL,ABM,11,0,65,0,0,65,0,,,Active,https://res.cloudinary.com/fkyp6bjc/image/upload/v1789055603/inventory-system/products/u3cdowlut3dixkcockro.jpg
peanut butter crunchy 350g,peanut,peanut,P dej,,3,0,0,0,0,36.95,0,,,Active,https://res.cloudinary.com/djv5omejv/image/upload/v1788879234/inventory-system/products/lyawoe8ghvqirysf6lzg.avif
pestol capoccino,pestol-capoccino,pestol-capoccino,P dej,,450,0,2.5,0,0,2.5,0,,,Active,
petit pain m,petit-pain-m,petit-pain-m,P dej,,55,0,0,0,0,3.5,0,,,Active,
petites cuilleres a melanger,melanger,melanger,embalo,,1,0,0,0,0,12,0,,,Active,https://res.cloudinary.com/djv5omejv/image/upload/v1788356331/inventory-system/products/aqp8xsi5nxajv23t6rza.webp
pistol varie carre patisre,pistol,pistol,P dej,,215,0,100,0,0,2.5,0,,,Active,https://res.cloudinary.com/djv5omejv/image/upload/v1788964539/inventory-system/products/unijc1sgtkxc3kcq564v.jpg
planche triangulaire,planche-triangulaire,planche-triangulaire,patisssserie,,1000,0,0.4,0,0,0.48,0,,,Active,https://res.cloudinary.com/djv5omejv/image/upload/v1788874825/inventory-system/products/v4bjp02xrpy5pqlmwxq2.webp
plastique poubelle 30 L,59,plastique-poubelle-30-l,nettoyage,ABM,6,0,14,0,0,14,0,,,Active,
poivre noire moulu 100g,poivre-noire-moulu,poivre-noire-moulu,TAWABIL,ABM,1,0,100,0,0,100,0,,,Active,https://res.cloudinary.com/djv5omejv/image/upload/v1788708644/inventory-system/products/hcmdwgbqxxpvgej06nov.png
poivre vert 500g,60,poivre-vert,TAWABIL,ABM,4,0,78,0,0,78,0,6111248480555,,Active,https://res.cloudinary.com/djv5omejv/image/upload/v1788283810/inventory-system/products/su8s61hjzq2fznrtxiqm.jpg
pouche,61,pouche,product,,0,0,0,0,0,0,0,,,Active,
pt crois creame aman,pt-crois-creame-aman,pt-crois-creame-aman,P dej,,56,0,9.5,0,0,9.5,0,,,Active,
pt croissant,pt-croissant,pt-croissant,P dej,,130,0,5.5,0,0,3.5,0,,,Active,
pt dej chamali,pt-dej-chamali,pt-dej-chamali,P dej,,1,0,0,0,0,45,0,,,Active,
pt pain complet,pain-complet,pain-complet,P dej,,475,0,1.5,0,0,2,0,,,Active,
pt pain suisse,pt-pain-suisse,pt-pain-suisse,P dej,,104,0,5.5,0,0,4,0,,,Active,
pt petit  pain choco,petit -pain-choco,petit-pain-choco,P dej,,120,0,5.5,0,0,5.5,0,,,Active,
pt schneik,pt-schneik,pt-schneik,P dej,,104,0,5,0,0,4,0,,,Active,
rafiaa,172,khmira-rafi3a,product,,29,0,8.5,0,0,8.5,0,6111246250013,,Active,https://res.cloudinary.com/djv5omejv/image/upload/v1788281889/inventory-system/products/l51drb8ar1of096mrmii.jpg
raisin sec,96,raisin-sec,ferui sec,ABM,3.5,0,53,0,0,53,0,,,Active,https://res.cloudinary.com/fkyp6bjc/image/upload/v1789031061/inventory-system/products/wnt12qp1i8mf3duz9jzb.jpg
red bull,62,red-bull-355dh-pk,bar,ABM,51,0,335,0,0,335,0,,,Active,https://res.cloudinary.com/djv5omejv/image/upload/v1788941400/inventory-system/products/wkywblvvfnkdbfn9mfqo.png
riz basmati suzana,riz-basmati-suzana-5kg,riz-basmati-suzana-5kg,product,,10,0,120,0,0,155,0,,,Active,
sac carton,336,sack-emporter-marron,service,,326,0,1,0,0,1,0,,,Active,https://res.cloudinary.com/djv5omejv/image/upload/v1788613232/inventory-system/products/qbh99qjqtsfrihe99ce8.jpg
sac poubelle 120L,193,sac-poubelle-120l,product,,60,0,22,0,0,24.6,0,,,Active,
sac tissu pizza,339,sac-tissu-pizza,product,,83,0,4,0,0,4,0,,,Active,https://res.cloudinary.com/fkyp6bjc/image/upload/v1789122263/inventory-system/products/yfn8z6qp3uwlyzplnx0g.webp
sacarina,sacarina,sacarina,bar,,3,0,0,0,0,25.9,0,,,Active,https://res.cloudinary.com/djv5omejv/image/upload/v1788617127/inventory-system/products/evmpui0xy3xnskozyzhl.jpg
salade roquette,salade-roquette,salade-roquette,product,,192,0,18,0,0,18,0,,,Active,https://res.cloudinary.com/fkyp6bjc/image/upload/v1789468063/inventory-system/products/wgmjqmtmbgbn3d8znklj.webp
salmon,112,saumon-frais,product,,17.7,0,130,0,0,130,0,,,Active,https://res.cloudinary.com/djv5omejv/image/upload/v1788536550/inventory-system/products/pyvrqb0n8acflfoc6s3h.jpg
salmon fume,113,saumon-fume,product,,8.4,0,260,0,0,270,0,,,Active,https://res.cloudinary.com/djv5omejv/image/upload/v1788362435/inventory-system/products/rwebuzbortd3lthihxzo.jpg
sanicroix 5L,SAVON SOL DOUSSY 5L,sanicroix,nettoyage,ABM,24,0,25,0,0,22,0,,,Active,https://res.cloudinary.com/djv5omejv/image/upload/v1788509208/inventory-system/products/hitnekx1ordthcfpacih.jpg
sauce chilli sweet 700 ml,SAUCE CHILLI SWEET 700ML,sweet-chili-sauce,product,,47,0,32,0,0,32,0,4070308154909,,Active,https://res.cloudinary.com/djv5omejv/image/upload/v1788421645/inventory-system/products/dcp5qasp9lktfoxp3oz3.jpg
sauce soja,68,sauce-soja,souce,ABM,0,0,180,0,0,180,0,,,Active,
sauce soja 5l,soja,soja,product,,2,0,0,0,0,0,0,,,Active,
savon a main,192,savon-a-main,nettoyage,,22,0,75,0,0,75,0,,,Active,https://res.cloudinary.com/fkyp6bjc/image/upload/v1789031204/inventory-system/products/msgspoavy3z3svc0gesn.png
sirop caramel 700ml,104,sirop-caramel-akka,bar,,0,0,100,0,0,100,0,8691123474261,,Active,https://res.cloudinary.com/djv5omejv/image/upload/v1788781351/inventory-system/products/sayq1ylt6h9abtqarjoq.png
soucet,soucet,soucet,product,,20.7,0,0,0,0,0,0,,,Active,https://res.cloudinary.com/djv5omejv/image/upload/v1788361561/inventory-system/products/lo47q2buo5iiaega6yxk.jpg
soy Sauce,Saucesoy,saucesoy,souce,,13,0,0,0,0,280,0,,,Active,https://res.cloudinary.com/djv5omejv/image/upload/v1788190086/inventory-system/products/ozlnjewgfdwkz9somfhy.jpg
spring roll pastry,spring roll pastry,spring-roll-pastry,product,,10,0,46.5,0,0,46.5,0,,,Active,https://res.cloudinary.com/djv5omejv/image/upload/v1788520403/inventory-system/products/n8kk22abqmxvzjhhnohw.webp
sweet chili sauce 1.8l,SAUCE CHILI 1.8L,chilli-sauce,pattes,ABM,6,0,0,0,0,0,0,,,Active,https://res.cloudinary.com/djv5omejv/image/upload/v1788790806/inventory-system/products/ajvpsdzbslqib4jknfhl.jpg
thin pizza kenz 10kg,169,kenz-pizza,pizza,,-6,0,70,0,0,70,0,,,Active,https://res.cloudinary.com/djv5omejv/image/upload/v1788780239/inventory-system/products/gihkyxwob0eawkdqzrj7.jpg
tmar,tmar,tmar,product,,7,0,35,0,0,35,0,,,Active,https://res.cloudinary.com/djv5omejv/image/upload/v1788594625/inventory-system/products/mesunkaei9ojmyqwicto.jpg
toast fresh,toast-fresh,toast-fresh,product,,15,0,0,0,0,0,0,,,Active,https://res.cloudinary.com/djv5omejv/image/upload/v1788347232/inventory-system/products/ojdybxl604ggcfe5ukbg.jpg
tosst cerual,tosst-cerual,tosst-cerual,product,,19,0,0,0,0,0,0,,,Active,https://res.cloudinary.com/djv5omejv/image/upload/v1788346553/inventory-system/products/uubfmkm8nzjtpkw4p0gn.jpg
tosst naturl,tosst naturl,tosst-naturl,product,,11,0,0,0,0,0,0,,,Active,https://res.cloudinary.com/djv5omejv/image/upload/v1788346285/inventory-system/products/sg0m4yntu8zf8awoorbq.jpg
v.h,v.h,vh,product,,58,0,120,0,0,120,0,,,Active,https://res.cloudinary.com/djv5omejv/image/upload/v1788360579/inventory-system/products/qqdul7fsqfuridxntczl.jpg
valencia coco,85,valencia-coco,boisson,ABM,76,0,13.5,0,0,12.5,0,,,Active,https://res.cloudinary.com/fkyp6bjc/image/upload/v1789052882/inventory-system/products/f23cqmfyzguec80siwww.webp
vervienne,lwiza,lwiza,bar,,13.6,0,12,0,0,120,0,,,Active,https://res.cloudinary.com/djv5omejv/image/upload/v1788513183/inventory-system/products/f937hpggolgleffuhg0a.jpg
z3itra,z3itra,z3itra,product,,8,0,0,0,0,30,0,,,Active,https://res.cloudinary.com/djv5omejv/image/upload/v1788345929/inventory-system/products/r9s2pyuuwhtnvitio8ih.jpg
zabda 1kg *25kg,zabda1,zabda1,product,,67.6,0,0,0,0,65,0,,,Active,https://res.cloudinary.com/djv5omejv/image/upload/v1788347560/inventory-system/products/ifojcsdyoudo2drobyn4.avif
zanjabil,zanjabil,zanjabil,product,,5,0,60,0,0,55,0,,,Active,https://res.cloudinary.com/djv5omejv/image/upload/v1788595007/inventory-system/products/zfirs12ncepmybfaqsn6.jpg
zayton khal,zayton,zayton,product,,32,0,25,0,0,25,0,,,Active,https://res.cloudinary.com/djv5omejv/image/upload/v1788596346/inventory-system/products/eeclj9crbcowgatgaoqa.webp
zebda bedya,zebda,zebda,P dej,,24,0,65,0,0,65,0,,,Active,https://res.cloudinary.com/djv5omejv/image/upload/v1788515256/inventory-system/products/npxujyfhwwklo1tmropv.jpg
zit kahla,134,huile-d-olive-lmouden,product,,171,0,45,0,0,45,0,,,Active,https://res.cloudinary.com/fkyp6bjc/image/upload/v1789054307/inventory-system/products/lbcubkd12zmqlthdkqkh.png